<?xml version="1.0" encoding="UTF-8"?>
<GenRun Id="synth_1" LaunchPart="xc7a200tfbg676-2" LaunchTime="1669646813">
  <File Type="PA-TCL" Name="Scheme.tcl"/>
  <File Type="RDS-PROPCONSTRS" Name="Scheme_drc_synth.rpt"/>
  <File Type="REPORTS-TCL" Name="Scheme_reports.tcl"/>
  <File Type="RDS-RDS" Name="Scheme.vds"/>
  <File Type="RDS-UTIL" Name="Scheme_utilization_synth.rpt"/>
  <File Type="RDS-UTIL-PB" Name="Scheme_utilization_synth.pb"/>
  <File Type="RDS-DCP" Name="Scheme.dcp"/>
  <File Type="VDS-TIMINGSUMMARY" Name="Scheme_timing_summary_synth.rpt"/>
  <File Type="VDS-TIMING-PB" Name="Scheme_timing_summary_synth.pb"/>
  <FileSet Name="sources" Type="DesignSrcs" RelSrcDir="$PSRCDIR/sources_1">
    <Filter Type="Srcs"/>
    <File Path="$PSRCDIR/sources_1/imports/new/Div.vhd">
      <FileInfo>
        <Attr Name="ImportPath" Val="$PPRDIR/../../../Anzhalika Dziarkach/Downloads/lab4/l4.srcs/sources_1/new/Div.vhd"/>
        <Attr Name="ImportTime" Val="1668184046"/>
        <Attr Name="UsedIn" Val="synthesis"/>
        <Attr Name="UsedIn" Val="simulation"/>
      </FileInfo>
    </File>
    <File Path="$PSRCDIR/sources_1/new/dff.vhd">
      <FileInfo>
        <Attr Name="UsedIn" Val="synthesis"/>
        <Attr Name="UsedIn" Val="simulation"/>
      </FileInfo>
    </File>
    <File Path="$PSRCDIR/sources_1/new/main.vhd">
      <FileInfo>
        <Attr Name="UsedIn" Val="synthesis"/>
        <Attr Name="UsedIn" Val="simulation"/>
      </FileInfo>
    </File>
    <File Path="$PSRCDIR/sources_1/new/w2.vhd">
      <FileInfo>
        <Attr Name="UsedIn" Val="synthesis"/>
        <Attr Name="UsedIn" Val="simulation"/>
      </FileInfo>
    </File>
    <File Path="$PSRCDIR/sources_1/new/w3.vhd">
      <FileInfo>
        <Attr Name="UsedIn" Val="synthesis"/>
        <Attr Name="UsedIn" Val="simulation"/>
      </FileInfo>
    </File>
    <File Path="$PSRCDIR/sources_1/new/w5.vhd">
      <FileInfo>
        <Attr Name="UsedIn" Val="synthesis"/>
        <Attr Name="UsedIn" Val="simulation"/>
      </FileInfo>
    </File>
    <File Path="$PSRCDIR/sources_1/imports/new/Scheme.vhd">
      <FileInfo>
        <Attr Name="ImportPath" Val="$PPRDIR/../../../Anzhalika Dziarkach/Downloads/lab4/l4.srcs/sources_1/new/Scheme.vhd"/>
        <Attr Name="ImportTime" Val="1668184324"/>
        <Attr Name="UsedIn" Val="synthesis"/>
        <Attr Name="UsedIn" Val="simulation"/>
      </FileInfo>
    </File>
    <Config>
      <Option Name="DesignMode" Val="RTL"/>
      <Option Name="TopModule" Val="Scheme"/>
      <Option Name="TopAutoSet" Val="TRUE"/>
    </Config>
  </FileSet>
  <FileSet Name="constrs_in" Type="Constrs" RelSrcDir="$PSRCDIR/constrs_1">
    <Filter Type="Constrs"/>
    <File Path="$PSRCDIR/constrs_1/imports/new/top.xdc">
      <FileInfo>
        <Attr Name="ImportPath" Val="$PPRDIR/../../../Anzhalika Dziarkach/Downloads/lab4/l4.srcs/constrs_1/new/top.xdc"/>
        <Attr Name="ImportTime" Val="1668183590"/>
        <Attr Name="UsedIn" Val="synthesis"/>
        <Attr Name="UsedIn" Val="implementation"/>
      </FileInfo>
    </File>
    <Config>
      <Option Name="ConstrsType" Val="XDC"/>
    </Config>
  </FileSet>
  <Strategy Version="1" Minor="2">
    <StratHandle Name="Vivado Synthesis Defaults" Flow="Vivado Synthesis 2018"/>
    <Step Id="synth_design"/>
  </Strategy>
</GenRun>
