<?xml version="1.0" encoding="UTF-8"?>
<GenRun Id="impl_1" LaunchPart="xc7a200tfbg676-2" LaunchTime="1669646813">
  <File Type="BITSTR-BMM" Name="Scheme_bd.bmm"/>
  <File Type="OPT-METHODOLOGY-DRC" Name="Scheme_methodology_drc_opted.rpt"/>
  <File Type="INIT-TIMING" Name="Scheme_timing_summary_init.rpt"/>
  <File Type="ROUTE-PWR" Name="Scheme_power_routed.rpt"/>
  <File Type="PA-TCL" Name="Scheme.tcl"/>
  <File Type="OPT-TIMING" Name="Scheme_timing_summary_opted.rpt"/>
  <File Type="OPT-DCP" Name="Scheme_opt.dcp"/>
  <File Type="ROUTE-PWR-SUM" Name="Scheme_power_summary_routed.pb"/>
  <File Type="REPORTS-TCL" Name="Scheme_reports.tcl"/>
  <File Type="OPT-DRC" Name="Scheme_drc_opted.rpt"/>
  <File Type="OPT-HWDEF" Name="Scheme.hwdef"/>
  <File Type="PWROPT-DCP" Name="Scheme_pwropt.dcp"/>
  <File Type="PWROPT-DRC" Name="Scheme_drc_pwropted.rpt"/>
  <File Type="PWROPT-TIMING" Name="Scheme_timing_summary_pwropted.rpt"/>
  <File Type="PLACE-DCP" Name="Scheme_placed.dcp"/>
  <File Type="PLACE-IO" Name="Scheme_io_placed.rpt"/>
  <File Type="PLACE-CLK" Name="Scheme_clock_utilization_placed.rpt"/>
  <File Type="PLACE-UTIL" Name="Scheme_utilization_placed.rpt"/>
  <File Type="PLACE-UTIL-PB" Name="Scheme_utilization_placed.pb"/>
  <File Type="PLACE-CTRL" Name="Scheme_control_sets_placed.rpt"/>
  <File Type="PLACE-SIMILARITY" Name="Scheme_incremental_reuse_placed.rpt"/>
  <File Type="PLACE-PRE-SIMILARITY" Name="Scheme_incremental_reuse_pre_placed.rpt"/>
  <File Type="BG-BGN" Name="Scheme.bgn"/>
  <File Type="PLACE-TIMING" Name="Scheme_timing_summary_placed.rpt"/>
  <File Type="POSTPLACE-PWROPT-DCP" Name="Scheme_postplace_pwropt.dcp"/>
  <File Type="BG-BIN" Name="Scheme.bin"/>
  <File Type="POSTPLACE-PWROPT-TIMING" Name="Scheme_timing_summary_postplace_pwropted.rpt"/>
  <File Type="PHYSOPT-DCP" Name="Scheme_physopt.dcp"/>
  <File Type="PHYSOPT-DRC" Name="Scheme_drc_physopted.rpt"/>
  <File Type="BITSTR-MSK" Name="Scheme.msk"/>
  <File Type="PHYSOPT-TIMING" Name="Scheme_timing_summary_physopted.rpt"/>
  <File Type="ROUTE-ERROR-DCP" Name="Scheme_routed_error.dcp"/>
  <File Type="ROUTE-DCP" Name="Scheme_routed.dcp"/>
  <File Type="ROUTE-BLACKBOX-DCP" Name="Scheme_routed_bb.dcp"/>
  <File Type="ROUTE-DRC" Name="Scheme_drc_routed.rpt"/>
  <File Type="ROUTE-DRC-PB" Name="Scheme_drc_routed.pb"/>
  <File Type="BITSTR-LTX" Name="debug_nets.ltx"/>
  <File Type="BITSTR-LTX" Name="Scheme.ltx"/>
  <File Type="ROUTE-DRC-RPX" Name="Scheme_drc_routed.rpx"/>
  <File Type="BITSTR-MMI" Name="Scheme.mmi"/>
  <File Type="ROUTE-METHODOLOGY-DRC" Name="Scheme_methodology_drc_routed.rpt"/>
  <File Type="ROUTE-METHODOLOGY-DRC-RPX" Name="Scheme_methodology_drc_routed.rpx"/>
  <File Type="BITSTR-SYSDEF" Name="Scheme.sysdef"/>
  <File Type="ROUTE-METHODOLOGY-DRC-PB" Name="Scheme_methodology_drc_routed.pb"/>
  <File Type="ROUTE-PWR-RPX" Name="Scheme_power_routed.rpx"/>
  <File Type="ROUTE-STATUS" Name="Scheme_route_status.rpt"/>
  <File Type="ROUTE-STATUS-PB" Name="Scheme_route_status.pb"/>
  <File Type="ROUTE-TIMINGSUMMARY" Name="Scheme_timing_summary_routed.rpt"/>
  <File Type="ROUTE-TIMING-PB" Name="Scheme_timing_summary_routed.pb"/>
  <File Type="ROUTE-TIMING-RPX" Name="Scheme_timing_summary_routed.rpx"/>
  <File Type="ROUTE-SIMILARITY" Name="Scheme_incremental_reuse_routed.rpt"/>
  <File Type="ROUTE-CLK" Name="Scheme_clock_utilization_routed.rpt"/>
  <File Type="ROUTE-BUS-SKEW" Name="Scheme_bus_skew_routed.rpt"/>
  <File Type="ROUTE-BUS-SKEW-PB" Name="Scheme_bus_skew_routed.pb"/>
  <File Type="ROUTE-BUS-SKEW-RPX" Name="Scheme_bus_skew_routed.rpx"/>
  <File Type="POSTROUTE-PHYSOPT-DCP" Name="Scheme_postroute_physopt.dcp"/>
  <File Type="POSTROUTE-PHYSOPT-BLACKBOX-DCP" Name="Scheme_postroute_physopt_bb.dcp"/>
  <File Type="POSTROUTE-PHYSOPT-TIMING" Name="Scheme_timing_summary_postroute_physopted.rpt"/>
  <File Type="POSTROUTE-PHYSOPT-TIMING-PB" Name="Scheme_timing_summary_postroute_physopted.pb"/>
  <File Type="POSTROUTE-PHYSOPT-TIMING-RPX" Name="Scheme_timing_summary_postroute_physopted.rpx"/>
  <File Type="POSTROUTE-PHYSOPT-BUS-SKEW" Name="Scheme_bus_skew_postroute_physopted.rpt"/>
  <File Type="POSTROUTE-PHYSOPT-BUS-SKEW-PB" Name="Scheme_bus_skew_postroute_physopted.pb"/>
  <File Type="BG-BIT" Name="Scheme.bit"/>
  <File Type="POSTROUTE-PHYSOPT-BUS-SKEW-RPX" Name="Scheme_bus_skew_postroute_physopted.rpx"/>
  <File Type="BITSTR-RBT" Name="Scheme.rbt"/>
  <File Type="BITSTR-NKY" Name="Scheme.nky"/>
  <File Type="BG-DRC" Name="Scheme.drc"/>
  <File Type="RDI-RDI" Name="Scheme.vdi"/>
  <File Type="WBT-USG" Name="usage_statistics_webtalk.html"/>
  <FileSet Name="sources" Type="DesignSrcs" RelSrcDir="$PSRCDIR/sources_1">
    <Filter Type="Srcs"/>
    <File Path="$PSRCDIR/sources_1/imports/new/Div.vhd">
      <FileInfo>
        <Attr Name="ImportPath" Val="$PPRDIR/../../../Anzhalika Dziarkach/Downloads/lab4/l4.srcs/sources_1/new/Div.vhd"/>
        <Attr Name="ImportTime" Val="1668184046"/>
        <Attr Name="UsedIn" Val="synthesis"/>
        <Attr Name="UsedIn" Val="simulation"/>
      </FileInfo>
    </File>
    <File Path="$PSRCDIR/sources_1/new/dff.vhd">
      <FileInfo>
        <Attr Name="UsedIn" Val="synthesis"/>
        <Attr Name="UsedIn" Val="simulation"/>
      </FileInfo>
    </File>
    <File Path="$PSRCDIR/sources_1/new/main.vhd">
      <FileInfo>
        <Attr Name="UsedIn" Val="synthesis"/>
        <Attr Name="UsedIn" Val="simulation"/>
      </FileInfo>
    </File>
    <File Path="$PSRCDIR/sources_1/new/w2.vhd">
      <FileInfo>
        <Attr Name="UsedIn" Val="synthesis"/>
        <Attr Name="UsedIn" Val="simulation"/>
      </FileInfo>
    </File>
    <File Path="$PSRCDIR/sources_1/new/w3.vhd">
      <FileInfo>
        <Attr Name="UsedIn" Val="synthesis"/>
        <Attr Name="UsedIn" Val="simulation"/>
      </FileInfo>
    </File>
    <File Path="$PSRCDIR/sources_1/new/w5.vhd">
      <FileInfo>
        <Attr Name="UsedIn" Val="synthesis"/>
        <Attr Name="UsedIn" Val="simulation"/>
      </FileInfo>
    </File>
    <File Path="$PSRCDIR/sources_1/imports/new/Scheme.vhd">
      <FileInfo>
        <Attr Name="ImportPath" Val="$PPRDIR/../../../Anzhalika Dziarkach/Downloads/lab4/l4.srcs/sources_1/new/Scheme.vhd"/>
        <Attr Name="ImportTime" Val="1668184324"/>
        <Attr Name="UsedIn" Val="synthesis"/>
        <Attr Name="UsedIn" Val="simulation"/>
      </FileInfo>
    </File>
    <Config>
      <Option Name="DesignMode" Val="RTL"/>
      <Option Name="TopModule" Val="Scheme"/>
      <Option Name="TopAutoSet" Val="TRUE"/>
    </Config>
  </FileSet>
  <FileSet Name="constrs_in" Type="Constrs" RelSrcDir="$PSRCDIR/constrs_1">
    <Filter Type="Constrs"/>
    <File Path="$PSRCDIR/constrs_1/imports/new/top.xdc">
      <FileInfo>
        <Attr Name="ImportPath" Val="$PPRDIR/../../../Anzhalika Dziarkach/Downloads/lab4/l4.srcs/constrs_1/new/top.xdc"/>
        <Attr Name="ImportTime" Val="1668183590"/>
        <Attr Name="UsedIn" Val="synthesis"/>
        <Attr Name="UsedIn" Val="implementation"/>
      </FileInfo>
    </File>
    <Config>
      <Option Name="ConstrsType" Val="XDC"/>
    </Config>
  </FileSet>
  <Strategy Version="1" Minor="2">
    <StratHandle Name="Vivado Implementation Defaults" Flow="Vivado Implementation 2018"/>
    <Step Id="init_design"/>
    <Step Id="opt_design"/>
    <Step Id="power_opt_design"/>
    <Step Id="place_design"/>
    <Step Id="post_place_power_opt_design"/>
    <Step Id="phys_opt_design"/>
    <Step Id="route_design"/>
    <Step Id="post_route_phys_opt_design"/>
    <Step Id="write_bitstream"/>
  </Strategy>
</GenRun>
